1열,Category,Depth1,Depth2,Depth3,요구사항 상세 설명,기능/비기능,우선순위,비고,상태,담당자
REQ-USER-001,회원관리,회원가입,이메일 회원가입,,"모든 비로그인 유저는 회원가입 버튼을 통해 회원가입을 진행할 수 있습니다.

• 회원가입에 필요한 항목
    • 이메일
    • 비밀번호
    • 닉네임
    • 이름
    • 휴대폰 번호
    • 생년월일
    • 성별",기능,높음,"휴대폰 인증 기능 필요
이메일 인증 기능 필요
닉네임 중복 확인 기능 필요",대기중,
REQ-USER-002,회원관리,회원가입,이메일 회원가입,이메일 인증,"이메일 인증을 거쳐야만 회원가입을 진행할 수 있습니다.

• Flow
    1. 입력한 이메일에 인증코드를 전송
    2. 전송된 인증코드를 입력하고 인증하기 버튼을 클릭하면 이메일 인증을 완료",기능,높음,"- 인증코드는 base62로 인코딩된 문자열
- Gmail을 사용하여 SMTP 구축",대기중,
REQ-USER-003,회원관리,회원가입,이메일 회원가입,휴대폰 인증,"회원가입을 위해 휴대폰 인증 기능을 사용할 수 있습니다.

• Flow
    1. 사용자가 입력한 휴대폰 번호로 인증문자 메시지를 전송합니다.
    2. 사용자는 수신한 인증문자에 포함된 인증코드를 입력하고 인증하기 버튼을 클릭하여 휴대폰인증을 완료할 수 있습니다.",기능,높음,"- 인증번호는 6자리 난수입니다.
- Twilio Auth 서비스를 이용합니다.",대기중,
REQ-USER-004,회원관리,회원가입,소셜 로그인 및 회원가입,카카오,"모든 비로그인 유저는 소셜 로그인 버튼을 통해 회원가입 및 로그인을 진행할 수 있습니다.

카카오 인증서버를 통해 Oauth2 인증을 거친 후 카카오 서버로부터 사용자 정보를 가져와서 저장합니다.

이미 사용자가 존재한다면 생성하지 않고 로그인으로 넘어갑니다.

• 카카오 필수 동의 항목
    • 이메일
    • 닉네임
        - 중복 방지 처리 필요
    • 이름
    • 휴대폰 번호 
        - 중복불가
    • 생년월일
    • 성별
    • 프로필 사진",기능,높음,카카오 로그인 기능과 연결,대기중,
REQ-USER-005,회원관리,회원가입,소셜 로그인 및 회원가입,네이버,"모든 비로그인 유저는 소셜 로그인 버튼을 통해 회원가입 및 로그인을 진행할 수 있습니다.

네이버 인증서버를 통해 Oauth2 인증을 거친 후 네이버 서버로부터 사용자 정보를 가져와서 저장합니다.

이미 사용자가 존재한다면 생성하지 않고 로그인으로 넘어갑니다.

• 네이버 필수 동의 항목
    • 이메일
    • 닉네임
        - 중복 방지 처리 필요
    • 이름
    • 휴대폰 번호 
        - 중복불가
    • 생년월일
    • 성별
    • 프로필 사진",기능,높음,네이버 로그인 기능과 연결,대기중,
REQ-USER-006,회원관리,로그인,이메일 로그인,,"로그인 버튼을 클릭하여 이메일과 비밀번호를 입력하여 로그인을 할 수 있습니다.

• 입력 항목
    • 이메일
    • 비밀번호",기능,높음,,대기중,
REQ-USER-009,회원관리,이메일 찾기,,,"이메일을 기억하지 못하거나 분실한 경우 이메일 찾기를 기능을 통해 찾을 수 있습니다.

입력해야하는 항목이 모두 입력되면 휴대폰 인증 단계로 이동합니다.

• 입력 항목
    • 이름
    • 휴대폰 번호",기능,낮음,"휴대폰 인증 기능 필요
찾은 이메일 마스킹 처리 필요",대기중,
REQ-USER-010,회원관리,이메일 찾기,휴대폰 인증,,"이메일 찾기를 위해 휴대폰 인증 기능을 사용할 수 있습니다.

• Flow
    1. 사용자가 입력한 휴대폰 번호로 인증문자 메시지를 전송합니다.
    2. 사용자는 수신한 인증문자에 포함된 인증코드를 입력하고 인증하기 버튼을 클릭하여 휴대폰인증을 완료할 수 있습니다.",기능,낮음,"- 인증번호는 6자리 난수입니다.
- Twilio Auth 서비스를 이용합니다.",대기중,
REQ-USER-011,회원관리,비밀번호 찾기,,,"비밀번호를 분실한 경우 비밀번호 찾기를 통해서 재설정할 수 있습니다.
비밀번호 찾기 시 입력받아야 하는 항목은 다음과 같습니다.

• 입력 항목
    • 이메일
    • 인증 코드",기능,낮음,이메일 인증 기능 필요,대기중,
REQ-USER-012,회원관리,비밀번호 찾기,이메일 인증,,"이메일 인증을 거쳐야만 비밀번호 찾기 과정을 진행할 수 있습니다.

• Flow
    1. 입력한 이메일에 인증코드를 전송
    2. 전송된 인증코드를 입력하고 인증하기 버튼을 클릭하면 이메일 인증을 완료",기능,낮음,"- 인증코드는 base62로 인코딩된 문자열
- Gmail을 사용하여 SMTP 구축",대기중,
REQ-USER-013,회원관리,회원탈퇴,,,"모든 로그인 회원은 마이페이지 내의 회원탈퇴 버튼을 통해 회원탈퇴를 진행할 수 있습니다.

회원 복구를 위해 탈퇴 즉시 회원정보를 삭제하는 것이 아닌 2주 후에 데이터베이스에서 삭제되도록 합니다.",기능,중간,- 로그인 여부 확인 필요,대기중,
REQ-USER-014,회원관리,탈퇴 계정 복구,,,"기존에 회원 탈퇴를 진행한 유저가 해당 계정으로 로그인을 시도하면 계정 복구를 진행할 수 있습니다.

이메일 인증을 통해 계정 복구를 진행할 수 있습니다.

유저는 계정 복구가 완료되는 즉시 다시 로그인을 할 수 있어야합니다.

• 입력 항목
    • 인증 코드",기능,낮음,,대기중,
REQ-USER-015,회원관리,탈퇴 계정 복구,이메일 인증,,"이메일 인증을 거쳐 계정복구를 완료할 수 있습니다.

• Flow
    1. 로그인을 시도한 유저의 이메일에 인증코드를 전송
    2. 전송된 인증코드를 입력하고 인증하기 버튼을 클릭하면 이메일 인증을 완료
    3. 계정을 다시 활성화",기능,낮음,"- 인증코드는 base62로 인코딩된 문자열
- Gmail을 사용하여 SMTP 구축",대기중,
REQ-USER-016,회원관리,내 정보 조회,,,"모든 로그인 회원은 마이페이지 내의 내 정보 탭에서 자신의 회원 정보를 조회할 수 있습니다.

• 조회 가능한 항목
    • 프로필 이미지
    • 이메일
    • 닉네임
    • 이름
    • 휴대폰 번호
    • 생년월일",기능,중간,,대기중,
REQ-USER-017,회원관리,내 정보 수정,,,"모든 로그인 된 회원은 마이페이지 내의 내 정보 탭에서 수정하기 버튼을 통해 조회된 내 회원 정보를 수정할 수 있습니다.

• 수정 가능한 항목
    • 프로필 이미지
    • 비밀번호
    • 닉네임
    • 휴대폰 번호",기능,중간,"비밀번호 재확인 기능 필요
닉네임 중복 확인 기능 필요
휴대폰 번호 인증 기능 필요",대기중,
REQ-USER-018,회원관리,내 정보 수정,휴대폰 인증,,"내 정보 수정 중 휴대폰 번호를 수정하기 위해서는 휴대폰 번호 입력란 우측의 인증하기 버튼을 클릭하여 휴대폰 인증을 거쳐야 합니다.

휴대폰 번호를 변경하고 휴대폰 번호가 완료되지 않은 상태에서는 변경하기 버튼이 활성화되지 않습니다.

• Flow
    1. 사용자가 입력한 휴대폰 번호로 인증문자 메시지를 전송합니다.
    2. 사용자는 수신한 인증문자에 포함된 인증코드를 입력하고 인증하기 버튼을 클릭하여 휴대폰 인증을 완료.",기능,중간,"- 인증번호는 6자리 난수입니다.
- Twilio 문자 서비스를 이용합니다.",대기중,
REQ-USER-001,,회원가입,,,"모든 비로그인 유저는 회원가입 버튼을 통해 회원가입을 진행할 수 있습니다.

• 회원가입에 필요한 항목
    • 이메일
    • 비밀번호
    • 닉네임
    • 이름
    • 휴대폰 번호
    • 생년월일
    • 성별",기능,높음,"휴대폰 인증 기능 필요
이메일 인증 기능 필요
닉네임 중복 확인 기능 필요",대기중,
,,,,,,,,,,
,,,,,,,,,,
,,,,,,,,,,
,,,,,,,,,,
,,,,,,,,,,
,,,,,,,,,,
,,,,,,,,,,
,,,,,,,,,,
,,,,,,,,,,
,,,,,,,,,,
REQ-LECT-001,강의목록,강의 목록 조회,,,"모든 유저는 인프런 같은 IT 지식 강의 플랫폼의 강의들을 카드형태의 목록으로 조회할 수 있어야합니다.

• 무한스크롤(페이지네이션) 적용

• 검색 기능
    •  강의명
    •  강사명

• 필터링 기능
    •  카테고리 별

• 정렬 기능
    •  최신순 ( 기본정렬 )
    •  가격 낮은 순
    •  가격 높은 순
    •  평점 높은 순
    •  평점 낮은 순

• 조회 가능한 항목
    • 강의명
    • 강사명
    • 강의 썸네일 이미지
    • 해당되는 카테고리 목록
    • 강의 난이도
    • 원 가격
    • 할인된 가격
    • 플랫폼 ( Udemy, Inflearn )
    • 리뷰 평점
    • 바로가기 링크",기능,높음,,대기중,
REQ-LECT-002,강의목록,강의 목록 조회,리뷰 조회,,"모든 유저는 조회된 강의 목록에서 각 카드를 클릭하여 확장하면 해당 강의의 최근 리뷰를 최대 4개까지 확인할 수 있어야합니다.

카드가 확장되어 하단에 리뷰가 드러나도록 합니다.

• 리뷰에서 조회 가능한 항목
    • 평점
    • 리뷰 내용",기능,높음,,대기중,
REQ-LECT-003,강의목록,강의 목록 조회,사용자 맞춤 추천,,"로그인 유저가 강의 목록 조회 시 유저에게 협업 필터링, 콘텐츠 기반 필터링을 활용하여 사용자 맞춤 강의를 추천해야 합니다.

추천 강의 목록 섹션은 ""OOO(닉네임) 님을 위한 추천 강의"" 제목으로 보여집니다.

사용자의 선호 강의 카테고리, 강의 검색 기록 등의 데이터를 활용합니다.

유저가 강의 목록 조회 페이지 첫 진입시 추천된 강의 목록은 사용자 선호 카테고리, 이전 스터디 경험 데이터를 사용한 협업필터링을 활용하여 목록조회 상단에 3개를 노출합니다.

사용자가 검색 기능을 사용 시 추천된 강의 목록은 검색 키워드와 사용자 선호 카테고리를 바탕으로 컨텐츠 기반 필터링을 활용하여 추천해야합니다.",기능,높음,,대기중,
REQ-LECT-004,강의목록,강의 상세 조회,,,모든 유저는 강의 목록 조회 내에 위치한 각 항목을 클릭하면 바로가기 링크로 이동하여 해당 강의 플랫폼 내에서 상세조회를 진행할 수 있습니다.,기능,높음,,,
REQ-LECT-005,강의 북마크,추가 or 삭제,,,"모든 로그인 유저는 조회된 강의 목록의 각 항목에 위치한 북마크 버튼을 클릭하여 북마크를 추가 또는 취소할 수 있습니다.

북마크 버튼은 로고 아이콘 버튼 형태입니다.

북마크 추가시 로고 아이콘의 색채가 채워지고, 취소시 색채가 비워진 것으로 구분합니다.",기능,중간,- 로그인 여부 확인 필요,,
REQ-LECT-006,강의 북마크,목록 조회,,,"모든 로그인 유저는 마이페이지 내의 북마크한 강의 메뉴에 접속하여 북마크 해둔 강의 목록을 가로로 긴 카드 형태로 확인할 수 있어야합니다.

• 무한 스크롤 적용 ( 페이지네이션 )

• 검색 기능
    •  강의명
    •  강사명

• 조회 가능한 항목
    • 강의명
    • 강사명
    • 강의 썸네일 이미지
    • 플랫폼 ( Udemy, Inflearn )
    • 강의 난이도
    • 원가
    • 할인가
    • 총 강의 길이 ( HH:MM )
    • 바로가기 링크 ( 강의명에 백링크 )",기능,중간,- 로그인 여부 확인 필요,,
,,,,,,,,,,
,,,,,,,,,,
,,,,,,,,,,
REQ-STDY-001,스터디 그룹,스터디 그룹 생성,,,"모든 로그인 유저는 스터디 그룹 메뉴에 접속하여 스터디 그룹을 생성할 수 있습니다.

• 입력 항목
    • 스터디 그룹 명칭
    • 스터디 그룹 소개 ( 선택사항, 마크다운 에디터 사용 )
    • 스터디 그룹 대표 이미지 ( 선택사항 )
    • 스터디 시작일
        • 오늘 또는 오늘 이후일 것
    • 스터디 종료일
        • 스터디 시작일 보다 5일 이상일 것
    • 강의 선택 ( 선택사항, 최대 5개 지정 가능 )
    • 최대 인원 수 ( 2 ~ 10 명 )",기능,높음,- 로그인 여부 확인 필요,,
REQ-STDY-002,스터디 그룹,스터디 그룹 생성,강의 목록 조회 및 선택,,"모든 로그인 유저는 스터디 그룹을 생성 시에 ""강의 추가하기"" 버튼을 클릭하면 팝업창에서 강의를 검색하고 선택하여 스터디 항목으로 추가할 수 있습니다.

검색 기준과 부분 또는 완전 일치하는 모든 항목을 팝업창 내에 반환합니다.

• 페이지 네이션 적용
    • 1페이지 당 5개 항목
    • limit - offset

• 검색 기준
    • 강의명
    • 강사명",기능,높음,- 로그인 여부 확인 필요,,
REQ-STDY-003,스터디 그룹,스터디 그룹 생성,시작일 및 종료일 선택,,"스터디 그룹 생성 시에 스터디 시작일, 종료일은 캘린더 UI를 통해 날짜를 클릭하여 선택가능 해야합니다.",기능,중간,,,
REQ-STDY-004,스터디 그룹,스터디 그룹 목록 조회,,,"모든 로그인 유저는 스터디 그룹 메뉴에 접속하여 자신이 속한 스터디 그룹을 목록으로 조회할 수 있어야 합니다.

• 조회 가능한 항목
    • 그룹명
    • 인원 현황 ( 현재인원 / 최대 인원 )
    • 리더 여부 ( 리더일 시 목록 카드 우측 상단에 Reader 표시 )
    • 스터디 그룹 대표 이미지
    • 스터디 시작일
    • 스터디 종료일
    • 스터디 상태 ( 우측 상단에 상태 표기 )
        • 대기중
        • 진행중
        • 종료됨
    • 스터디 강의 목록
        • 강의 이름
        • 강사명",기능,높음,"- 로그인 여부 확인 필요
- 비로그인 유저가 해당 메뉴 접근 시 로그인 페이지로 유도",,
REQ-STDY-005,스터디 그룹,스터디 그룹 상세 조회,,,"모든 로그인 유저는 스터디 그룹 페이지의 조회된 스터디 그룹 목록에서 특정 항목을 클릭하여 해당 항목을 상세 조회할 수 있어야 합니다.

• 상세 조회 가능한 항목
    • 그룹명
    • 인원 현황 ( 현재인원 / 최대 인원 )
    • 멤버 목록
        • 닉네임
        • 리더 여부 ( 리더만 표시, 리더는 멤버 목록의 최상단에 표기 )
    • 스터디 그룹 대표 이미지
    • 스터디 시작일
    • 스터디 종료일
    • 스터디 상태
        • 대기중
        • 진행중
        • 종료됨
    • 스터디 강의 목록 ( 카드 형태 )
        • 강의 썸네일 이미지
        • 강의 이름
        • 강사명
        • 강의 바로가기 링크",기능,높음,- 로그인 여부 확인 필요,,
REQ-STDY-006,스터디 그룹,스터디 멤버 추방하기,,,"스터디 그룹의 리더(그룹장)은 스터디 그룹 상세 조회 페이지 내에서 해당 스터디 그룹 멤버 목록에서 특정 멤버를 선택하여 추방할 수 있습니다.

멤버 항목의 우측에 위치한 ""추방하기"" 버튼 혹은 ""x"" 아이콘 버튼을 클릭하여 추방할 수 있습니다.

추방된 멤버는 해당 그룹의 채팅방에서도 추방되어야 합니다.",기능,높음,- 로그인 여부 확인 필요,,
REQ-STDY-007,스터디 그룹,스터디 그룹 나가기,,,"스터디 그룹의 모든 멤버들은 스터디 그룹 상세 조회 페이지 내에서 우측 상단에 위치한 ""나가기"" 버튼을 클릭하여 그룹에서 나갈 수 있습니다.

스터디 그룹 나가기 시 해당 그룹의 채팅방도 함께 나가져야 합니다.",기능,높음,- 로그인 여부 확인 필요,,
REQ-STDY-008,스터디 그룹,스터디 그룹 정보 수정,,,"스터디 그룹의 리더(그룹장)은 스터디 그룹 상세 조회 페이지 내에서 우측 상단에 리더에게만 노출되는 ""수정하기"" 버튼을 클릭하여 스터디 그룹 정보 수정페이지로 이동하여 그룹 정보를 수정할 수 있습니다.

• 수정 가능한 항목
    • 스터디 그룹 명칭
    • 스터디 그룹 소개 ( 마크다운 에디터 사용 )
    • 스터디 그룹 대표 이미지
    • 스터디 시작일
        • 오늘 또는 오늘 이후일 것
    • 스터디 종료일
        • 스터디 시작일 보다 5일 이상일 것
    • 스터디 할 강의 ( 선택사항, 최대 5개 지정 가능 )
    • 최대 인원 수 ( 2 ~ 10 명 )",기능,높음,- 로그인 여부 확인 필요,,
REQ-STDY-009,스터디 그룹,스케줄 작업,스터디 그룹 상태 수정,,"KST 한국 현지 시간 기준, 매일 00:01에 스터디 종료일이 오늘날자보다 이전인 경우 상태를 일괄적으로 ""종료됨"" 으로 업데이트 합니다.",기능,중간,- djang-celery-beat 또는 crontab,,
,,,,,,,,,,
,,,,,,,,,,
REQ-RECM-001,스터디 구인 공고,공고 작성,,,"모든 로그인 유저는 스터디 구인 공고 메뉴에 접속하여 ""공고 작성하기"" 버튼을 클릭하여 스터디 구인 공고 작성이 가능합니다. 

목록 조회 페이지 내에 위치한 ""공고 작성하기"" 버튼을 클릭하면 공고 작성 페이지로 이동합니다.

• 필수 입력 항목
    • 공고 제목
    • 공고 내용
        • 마크다운 에디터 사용
            • 마크다운 서식 텍스트 입력 가능
            • 이미지 사용 가능 ( 최대 5개, 이미지 용량 5MB 이하 )
    • 공고 마감 기한
    • 예상 모집 인원
    • 공고 대상 스터디 그룹 선택 ( 드롭다운 )
        • 종료되지 않은 스터디 그룹에 대해서만 구인 공고 작성 가능

• 선택 입력 항목 
    • 참고 파일 업로드 ( 최대 3개,  파일 용량 5MB 이하 )
    • 예상 결제 비용
        • 별도로 미입력 시 강의 항목 당 결제 비용을 모두 합산하여 자동 입력됨을 알려야 함
    • 사용자 정의 태그",기능,높음,- 비 로그인 유저가 해당 버튼 클릭 시 로그인 필요 안내 후 로그인 페이지로 이동,,
REQ-RECM-002,스터디 구인 공고,공고 작성,태그 검색 및 추가,,"공고 작성 또는 수정시 사용자는 해당 공고에 추가할 태그를 별도의 팝업창에서 검색하여 추가할 수 있습니다.

태그명을 일부 포함 하거나 완전 일치하는 항목을 목록으로 확인할 수 있어야 합니다.

만약 사용자가 입력한 키워드에 따라 검색 결과가 존재하지 않거나 사용자가 마음에 들지 않는 경우 ""새로 등록하기"" 버튼을 클릭하여 검색창에 입력한 키워드를 신규 태그로 등록할 수 있어야 합니다. 

신규 태그 등록 시 이미 존재하는 경우 에러 안내 팝업 메시지를 노출합니다.

사용자는 목록에서 태그들을 선택하여 ""추가하기"" 버튼을 클릭하면 공고에 해당 태그들을 추가할 수 있습니다.

• 페이지네이션 적용
    • 페이지 당 항목 5개


• 태그는 공고당 최대 5개",기능,중간,- 로그인 여부 확인 필요,,
REQ-RECM-003,스터디 구인 공고,목록 조회,,,"모든 유저는 스터디 구인 공고 메뉴에 접속하여 등록된 스터디 구인 공고들을 가로로 긴 카드 형태의 목록으로 확인할 수 있습니다.

마감된 모집 공고는 목록에 노출하지 않습니다.

• 무한스크롤(페이지네이션) 적용

• 검색 기능
    •  공고 제목

• 필터링 기능
    •  카테고리 별
    •  사용자 정의 태그 별

• 정렬 기능
    •  최신순 ( 기본정렬 )
    •  조회수 높은 순
    •  북마크 많은 순

• 조회 가능한 항목
    • 스터디 구인 공고 제목
    • 썸네일 이미지 
        • 공고 내용 중 이미지가 있는 경우 첫번째 이미지 사용
        • 없는 경우 기본 이미지 사용
    • 예상 모집 인원
    • 강의 목록
        • 강의명
        • 강사명
    • 사용자 정의 태그목록
        • 태그명
    • 마감 기한
    • 조회수
    • 북마크 수",기능,높음,- 로그인 여부 확인 필요,,
REQ-RECM-004,스터디 구인 공고,목록 조회,,,"로그인 유저가 공고 조회 시 협업 필터링 또는 컨텐츠 기반 필터링을 활용하여 사용자 맞춤 공고를 목록 상단에 3개를 추천해야 합니다.

• 로그인하지 않은 경우는 개인화 추천 섹션을 노출하지 않습니다.

• 추천 목록 섹션은 ""OOO(닉네임) 님을 위한 맞춤 스터디 공고"" 제목으로 보여집니다.

• 유저가 공고 목록 조회 페이지 첫 진입 시용자 데이터(공고 검색 기록, 이전 스터디 참여 기록 등)를 활용하여 협업 필터링 기반으로 추천합니다.
    • 만약 추천에 활용되어야하는 데이터가 충분하지 않은경우 조회수, 북마크가 많은 상위 3개 스터디 공고를 추천합니다.

• 유저가 목록 조회에서 검색 기능 활용 시 입력한 검색 키워드 + 사용자 스터디 참여 기록을 기반으로 컨텐츠 기반 필터링을 적용합니다.
    • 검색 결과와 사용자 프로필의 관련도를 점수화하여 상위 3개 공고를 추천합니다.",기능,높음,- 로그인 여부 확인 필요,,
REQ-RECM-005,스터디 구인 공고,내가 작성한 공고 조회,,,"모든 유저는 스터디 구인 공고 메뉴에 접속하여 ""공고 관리"" 메뉴를 클릭하면 내가 등록한 스터디 구인 공고들을 가로로 긴 카드 형태의 목록으로 확인할 수 있습니다.

• 무한스크롤(페이지네이션) 적용

• 필터링 기능
    •  마감 여부 별 ( 마감됨, 모집중 )

• 정렬 기능
    •  최신순 ( 기본정렬 )
    •  조회수 높은 순
    •  북마크 많은 순

• 조회 가능한 항목
    • 스터디 구인 공고 제목
    • 썸네일 이미지 
        • 공고 내용 중 이미지가 있는 경우 첫번째 이미지 사용
        • 없는 경우 기본 이미지 사용
    • 예상 모집 인원
    • 강의 목록
        • 강의명
        • 강사명
    • 사용자 정의 태그목록
        • 태그명
    • 마감 기한
    • 조회수
    • 북마크 수",기능,높음,- 로그인 여부 확인 필요,,
REQ-RECM-006,스터디 구인 공고,상세 조회,,,"모든 유저는 조회된 스터디 구인 공고 목록에서 특정 항목을 클릭하여 상세 조회할 수 있습니다.

• 조회 가능한 항목
    • 스터디 구인 공고 제목
    • 공고 내용 ( 마크다운 서식 적용 )
    • 공고 첨부 파일 목록
    • 예상 모집 인원
    • 예상 결제 비용
    • 스터디 강의 목록 ( 카드 형태 )
        • 강의 썸네일 이미지
        • 강의 이름
        • 강사명
        • 강의 바로가기 링크
    • 사용자 정의 태그목록
        • 태그명
    • 마감 기한
    • 공고 등록일시
    • 조회수
    • 북마크 수",기능,높음,- 로그인 시에만 해당 메뉴버튼을 노출,,
REQ-RECM-007,스터디 구인 공고,수정하기,,,"공고를 작성한 유저는 상세 조회 페이지 내에서 ""수정하기"" 버튼이 노출되며 이 버튼을 클릭하여 해당 공고의 수정페이지로 이동하여 공고를 수정할 수 있습니다.

• 수정 가능한 항목
    • 스터디 구인 공고 제목
    • 공고 내용 ( 마크다운 서식 적용 )
    • 공고 첨부 파일 목록
    • 예상 모집 인원
    • 예상 결제 비용
    • 사용자 정의 태그목록
        • 태그명
    • 마감 기한",기능,높음,"- 로그인 시에만 해당 메뉴버튼을 노출
- 공고 조회 유저와 작성유저가 일치하는 경우에만 해당 메뉴버튼을 노출",,
REQ-RECM-008,스터디 구인 공고,수정하기,태그 검색 및 추가,,"공고 수정시 사용자는 해당 공고에 추가할 태그를 별도의 팝업창에서 검색하여 추가할 수 있습니다.

태그명을 일부 포함 하거나 완전 일치하는 항목을 목록으로 확인할 수 있어야 합니다.

만약 사용자가 입력한 키워드에 따라 검색 결과가 존재하지 않거나 사용자가 마음에 들지 않는 경우 ""새로 등록하기"" 버튼을 클릭하여 검색창에 입력한 키워드를 신규 태그로 등록할 수 있어야 합니다. 

신규 태그 등록 시 이미 존재하는 경우 에러 안내 팝업 메시지를 노출합니다.

사용자는 목록에서 태그들을 선택하여 ""추가하기"" 버튼을 클릭하면 공고에 해당 태그들을 추가할 수 있습니다.

• 페이지네이션 적용
    • 페이지 당 항목 5개

• 태그는 공고당 최대 5개",기능,중간,- 로그인 여부 확인 필요,,
REQ-RECM-009,스터디 구인 공고,삭제하기,,,"공고를 작성한 유저는 상세 조회 페이지 내에서 ""삭제하기"" 버튼이 노출되며 이 버튼을 클릭하여 해당 공고를 삭제할 수 있습니다.

버튼 클릭 시 공고가 즉시 삭제되며 되돌릴 수 없음을 안내하는 팝업 메시지를 노출해야 합니다.

서버에서는 해당 공고가 삭제되면 해당 공고에 지원한 내역들도 함께 데이터베이스에서 삭제해야합니다.",기능,높음,"- 로그인 시에만 해당 메뉴버튼을 노출
- 공고 조회 유저와 작성유저가 일치하는 경우에만 해당 메뉴버튼을 노출",,
REQ-RECM-010,스터디 구인 공고 북마크,추가 or 삭제,,,"모든 로그인 유저는 조회된 스터디 구인 공고 목록의 각 항목 카드에 위치한 북마크 버튼을 클릭하여 북마크를 추가 또는 취소할 수 있습니다.

북마크 버튼은 로고 아이콘 버튼 형태입니다.

북마크 추가시 로고 아이콘의 색채가 채워지고, 취소시 색채가 비워진 것으로 구분합니다.",기능,중간,- 비 로그인 유저가 해당 버튼 클릭시 로그인 페이지로 유도,,
REQ-RECM-011,스터디 구인 공고 북마크,목록 조회,,,"모든 로그인 유저는 마이페이지 내의 북마크한 공고 메뉴에 접속하여 북마크 해둔 스터디 구인 공고 목록을 가로로 긴 카드 형태로 확인할 수 있어야합니다.

• 무한 스크롤 적용 ( 페이지네이션 )

• 검색 기능
    •  구인 공고 제목

• 조회 가능한 항목
    • 스터디 구인 공고 제목
    • 썸네일 이미지 
        • 공고 내용 중 이미지가 있는 경우 첫번째 이미지 사용
        • 없는 경우 기본 이미지 사용
    • 예상 모집 인원
    • 강의 목록
        • 강의명
        • 강사명
    • 사용자 정의 태그목록
        • 태그명
    • 마감 기한
    • 조회수
    • 북마크 수",기능,중간,- 로그인 여부 확인 필요,,
,,,,,,,,,,
,,,,,,,,,,
,,,,,,,,,,
,,,,,,,,,,
REQ-APLY-001,스터디 공고 지원,참여 신청,,,"모든 로그인 유저는 스터디 구인 공고 상세페이지 내에 위치한 ""지원하기"" 버튼을 클릭하여 모달 내에 지원서 양식을 입력하여 공고에 대해서 지원할 수 있습니다.


• 입력 가능한 항목
    • 자기소개
        • 텍스트 입력
    • 지원 동기
        • 텍스트 입력
    • 스터디 목표
        • 텍스트 입력
    • 가능한 시간대
        • 텍스트 입력
    • 스터디 경험 유무
        • 체크박스
    • 구체적인 스터디 경험 
        • 텍스트 입력",기능,높음,- 로그인 여부 확인 필요,,
REQ-APLY-002,스터디 공고 지원,지원 내역 목록 조회,,,"공고 작성자는 자신이 작성한 스터디 구인 공고에 대한 지원 내역을 공고 관리 페이지에서 조회된 공고 목록 중 특정 항목 카드를 확장하여 조회할 수 있습니다.

카드 우측의 지원내역 보기 버튼을 클릭하면 공고 항목카드가 확장되며 해당 공고에 대한 지원 내역이 목록으로 보여야 합니다.

• 무한스크롤 기능

• 조회 가능한 항목
    • 지원자 정보
        • 닉네임
        • 성별
        • 프로필 이미지
    • 가능한 시간대
    • 스터디 경험 유무
    • 지원 내역 상태
    • 지원한 일시 ( YYYY-MM-DD HH:MM ) ",기능,높음,- 로그인 여부 확인 필요,,
REQ-APLY-003,스터디 공고 지원,지원 내역 목록 조회,지원 내역  상세 조회,,"공고 작성자는 조회된 지원 내역 목록에서 특정 항목을 클릭하여 모달을 통해 해당 항목에 대한 상세 조회를 진행할 수 있습니다.

• 조회 가능한 항목
    • 지원자 정보
        • 닉네임
        • 성별
        • 프로필 이미지
    • 자기소개
    • 지원 동기
    • 스터디 목표
    • 가능한 시간대
    • 스터디 경험 유무
    • 구체적인 스터디 경험
    • 지원 내역 상태
    • 지원한 일시 ( YYYY-MM-DD HH:MM ) ",기능,높음,- 로그인 여부 확인 필요,,
REQ-APLY-004,스터디 공고 지원,지원 내역 목록 조회,지원 내역  상세 조회,승인하기,"공고 작성자가 공고에 지원한 내역들을 승인할 수 있습니다.

지원 내역 상세조회 모달 내의 ""승인"" 버튼을 통해 진행할 수 있습니다.

이미 승인되거나 거절된 항목에 대해서는 승인할 수 없어야 합니다.

공고 모집 인원 수 만큼 이미 모집이 완료된 경우 승인할 수 없습니다.

승인 처리 시 해당 지원자는 즉시 스터디 그룹의 멤버로 등록되어야 하며 멤버 등록 시 스터디 그룹의 정원을 초과하여 등록할 수 없습니다.",기능,높음,- 로그인 여부 확인 필요,,
REQ-APLY-005,스터디 공고 지원,지원 내역 목록 조회,지원 내역  상세 조회,거절하기,"공고 작성자가 공고에 지원한 내역들을 거절할 수 있습니다.

이미 승인되거나 거절된 항목에 대해서는 거절할 수 없어야 합니다.

지원 내역 상세조회 모달 내의 ""거절"" 버튼을 통해 진행할 수 있습니다.",기능,높음,- 로그인 여부 확인 필요,,
REQ-APLY-006,스터디 공고 지원,내가 지원한 내역 조회,,,"모든 로그인 유저는 자신이 스터디 그룹 구인 공고에 지원한 내역을 마이페이지 - 지원 내역에서 카드형태의 목록으로 조회할 수 있습니다.

• 조회 가능한 항목
    • 지원 내역 상태
    • 지원한 일시 ( YYYY-MM-DD HH:MM ). 
    • 스터디 구인 공고 정보
        • 제목
        • 썸네일 이미지. 
        • 예상 모집 인원
        • 강의 목록
            • 강의명
            • 강사명
        • 사용자 정의 태그목록
            • 태그명
        • 마감 기한",기능,중간,- 로그인 여부 확인 필요,,
REQ-APLY-007,스터디 공고 지원,내가 지원한 내역 조회,지원 내역  상세 조회,,"지원자는 마이페이지에서 조회된 자신의 지원 내역 목록에서 특정 항목을 클릭하여 모달을 통해 해당 항목에 대한 상세 조회를 진행할 수 있습니다.

• 조회 가능한 항목
    • 자기소개
    • 지원 동기
    • 스터디 목표
    • 가능한 시간대
    • 스터디 경험 유무
    • 구체적인 스터디 경험
    • 지원 내역 상태
    • 지원한 일시 ( YYYY-MM-DD HH:MM ) ",기능,중간,- 로그인 여부 확인 필요,,
REQ-APLY-008,스터디 공고 지원,지원 내역 목록 조회,지원 내역  상세 조회,지원 취소,"모든 유저들은 마이페이지 - 지원 내역에서 조회된 지원 내역들 중 특정 항목을 선택하여 취소할 수 있어야 합니다.

이미 승인되거나 거절된 항목에 대해서는 취소할 수 없습니다.

본인이 지원한 내역의 상세조회 모달 내의 ""지원취소"" 버튼을 통해 진행할 수 있습니다.",기능,낮음,- 로그인 여부 확인 필요,,
,,,,,,,,,,
,,,,,,,,,,
REQ-CHAT-001,스터디 그룹 채팅 ,채팅방 목록 조회,,,"모든 로그인 유저는 웹사이트 우측 하단에 고정된 Floating Widget 을 클릭하면 유저가 속한 스터디 그룹의 채팅방을 목록으로 조회할 수 있습니다.

• 조회 가능한 항목
    • 채팅방 이름 ( 그룹명 )
    • 채팅방 최근 메시지 
        • 메시지 내용
        •.타임스탬프 ( YYYY-MM-DD HH:MM)
    • 읽음 여부
    • 수정일시",기능,높음,"- 로그인 여부 확인 필요
- 읽음 여부 처리시 Redis 조회",,
REQ-CHAT-002,스터디 그룹 채팅 ,채팅방 참여,,,"채팅용 Floating Widget에서 조회된 각 채팅방 항목을 클릭하면 해당 채팅방에 접속할 수 있습니다.

채팅방 접속 시 위젯이 채팅방으로 전환되어야 합니다.

• 채팅방 접속 시 조회 가능한 항목
    • 채팅방 이름 ( 그룹명 )
    • 채팅방 멤버
        • 닉네임
        • 리더 여부
    • 전송된 메시지 내역
        • 메시지 내용
        • 타임스탬프 ( YYYY-MM-DD HH:MM)
        • 유저가 그룹에 참여하고 난 이후의 시점에 보내진 메시지 내역입니다.

클라이언트는 해당 채팅방에 유저가 접속하면 서버에 해당 채팅방 url에 대한 웹소켓 연결 요청을 진행합니다.

서버에서는 해당 사용자의 인증정보를 확인하고 웹소켓을 이용하여 실시간으로 연결하고, 연결 성공 시 채팅방에 필요한 정보를 전송해야합니다. 

동시에 사용자가 이전에 읽지 않은 메시지들에 대해서 일괄적으로 읽음 처리를 해야합니다.
",기능,높음,"- 로그인 여부 확인 필요
- 읽음 여부 처리시 Redis 사용",,
REQ-CHAT-003,스터디 그룹 채팅 ,채팅 메시지 내역조회,,,"채팅방에 성공적으로 접속한 유저들은 해당 그룹 채팅방의 채팅 메시지 내역을 조회할 수 있어야합니다.

최초 접속시 300개의 메시지를 조회할 수 있으며 이후 메시지들은 무한 스크롤을 통해 추가적으로 조회할 수 있습니다.

무한스크롤 시 페이지당 100개의 메시지를 추가로 조회합니다.

유저 본인이 보낸 메시지는 우측에, 이외의 그룹원들이 보낸 메시지는 좌측에 위치시켜 구분할 수 있도록 합니다.",기능,높음,- 로그인 여부 확인 필요,,
REQ-CHAT-004,스터디 그룹 채팅 ,채팅 메시지 보내기,,, ,기능,높음,- 로그인 여부 확인 필요,,
REQ-REVW-001,스터디 그룹 리뷰,리뷰 작성,,,"모든 로그인 유저는 자신이 속한 스터디 그룹 중 종료된 스터디 그룹에 대해서 리뷰를 작성할 수 있습니다.

• 입력 항목
    • 별점 ( 5점 만점, 1점 단위 )
    • 리뷰내용
",기능,높음,- 로그인 여부 확인 필요,,
REQ-REVW-002,스터디 그룹 리뷰,리뷰 목록 조회,,,"모든 로그인 유저는 자신이 속한 스터디 그룹 목록 페이지에서 각 그룹 항목 카드 내에서 작성된 리뷰를 조회할 수 있습니다.

각 리뷰항목은 익명성을 보장해야합니다.

만약 유저가 리뷰 작성 전이라면 리뷰 목록 하단에 리뷰 작성하기 버튼이 노출되고 작성했다면 리뷰 수정하기 버튼이 노출되도록 합니다.

• 조회 가능한 항목
    • 별점
    • 리뷰 내용
    • 작성 일시",기능,높음,- 로그인 여부 확인 필요,,
REQ-REVW-003,스터디 그룹 리뷰,리뷰 수정,,,"모든 로그인 유저는 스터디 그룹 목록 페이지에서 자신이 작성한 리뷰를 수정할 수 있어야합니다.

리뷰 수정은 스터디 그룹 항목 카드 하단에 위치한 리뷰 수정하기 버튼을 개별적으로 클릭하면 띄워지는 모달창에서 진행해야 합니다.

• 수정 가능한 항목
    • 별점
    • 리뷰 내용",기능,중간,"- 로그인 여부 확인 필요
- 스태프 및 관리자 권한 확인 필요",,
,,,,,,,,,,
,,,,,,,,,,
REQ-NOTE-001,스터디 학습 기록,작성하기,,,"스터디 그룹에 속한 유저는 스터디를 진행한 후 스터디 그룹 상세페이지 내의 스터디 기록 섹션에 위치한 작성하기 버튼을 클릭하여 스터디 동안 진행한 학습 기록을 남길 수 있습니다.

버튼을 클릭하면 스터디 기록 작성 페이지로 이동해야 합니다.

• 입력 항목
    • 제목
    • 내용
        • 마크다운 서식
        • 이미지 첨부 가능
    • 첨부 파일",기능,높음,- 로그인 여부 확인 필요,,
REQ-NOTE-002,스터디 학습 기록,작성하기,AI 요약,,"스터디 그룹에 속한 유저가 스터디 기록을 작성하면 서버는 해당 기록에 대한 AI 요약을 생성하고 데이터 베이스에 저장해야 합니다.

AI 요약본은 마크다운 서식을 지원하며 다음과 같은 형태여야 합니다.

```
### 2025년 8월 22일 금요일 OOO님의 학습 기록 요약입니다.

## 학습 내용 요약
{학습 내용 요약본}

## 학습한 키워드
{학습한 내용 관련 키워드 목록}

## 추가로 학습하면 좋을 내용 추천
{추천 학습 목록}
```",기능,높음,"- 로그인 여부 확인 필요
- Gemini API",,
REQ-NOTE-003,스터디 학습 기록,목록 조회,,,"스터디 그룹에 속한 유저는 스터디 그룹 상세페이지 내의 스터디 기록 섹션에서 그룹원들이 작성한 스터디 기록을 목록으로 조회할 수 있습니다.

• 조회 가능한 항목
    • 제목
    • 작성자 정보
        • 닉네임
        • 프로필 사진
    • 작성일시 ( YYYY-MM-DD HH:MM )",기능,높음,- 로그인 여부 확인 필요,,
REQ-NOTE-004,스터디 학습 기록,상세 조회,,,"스터디 그룹에 속한 유저는 스터디 그룹 상세페이지 내의 스터디 기록 섹션에서 조회된 스터디 기록 목록 중 특정 항목을 클릭하면 상세조회 페이지로 이동하여 상세조회를 진행할 수 있습니다.

• 조회 가능한 항목
    • 제목
    • 작성자 정보
        • 닉네임
        • 프로필 사진
    • 내용
        • 마크다운 서식
        • 첨부된 이미지
        • 텍스트
    • 첨부된 파일 목록
        • 파일 다운로드 url
        • 파일명 + 확장자
    • AI 학습 내용 요약
        • 내용의 상단에서 확인가능
        • 접기, 펼치기가 가능해야함
    • 작성일시 ( YYYY-MM-DD HH:MM )
    • 수정일시 ( YYYY-MM-DD HH:MM )",기능,높음,- 로그인 여부 확인 필요,,
REQ-NOTE-005,스터디 학습 기록,수정하기,,,"스터디 그룹에 속한 유저는 자신이 작성한 스터디 기록의 상세조회 페이지에서 수정하기 버튼을 클릭하면 수정 페이지로 이동하여 기록을 수정할 수 있습니다.

수정하기 버튼은 작성자 본인외에는 노출하지 않습니다.

• 수정 가능한 항목
    • 제목
    • 내용
        • 마크다운 서식
        • 첨부된 이미지
        • 텍스트
    • 첨부된 파일 목록
        • 파일 다운로드 url
        • 파일명 + 확장자",기능,높음,- 로그인 여부 확인 필요,,
REQ-NOTE-006,스터디 학습 기록,삭제하기,,,"스터디 그룹에 속한 유저는 자신이 작성한 스터디 기록의 상세조회 페이지에서 삭제하기 버튼을 클릭하여 해당 스터디 기록을 삭제할 수 있습니다.

삭제하기 버튼은 작성자 본인외에는 노출하지 않습니다.",기능,높음,- 로그인 여부 확인 필요,,
REQ-NTFY-001,알림,알림 목록 조회,,,"모든 로그인 유저는 헤더바 우측의 알림 아이콘을 클릭하여 알림 내역을 목록으로 조회할 수 있습니다.

전체보기, 읽지않은 알림, 읽은알림을 구분하여 목록으로 조회할 수 있습니다.

• 조회 가능한 항목
    • 알림 메시지 내용
    • 알림 메시지 타입
    • 알림 읽음 여부
    • 알림 시간
    • 필요 시 이동가능한 url 백링크",기능,중간,- 로그인 여부 확인 필요,,
REQ-NTFY-002,알림,알림 읽음 처리,,,"모든 로그인 유저는 조회된 알림 목록에서 읽지 않은 알림에 대해서 읽음 여부를 처리할 수 있습니다.

• Case
    • 해당 알림을 클릭하여 백링크로 이동한 경우
        • 해당 알림만 읽음 처리
    • 전체 읽음 처리 버튼을 클릭한 경우
        • 읽지않은 모든 알림을 읽음처리",기능,중간,- 로그인 여부 확인 필요,,
REQ-NTFY-003,알림,공고 지원 알림,,,"특정 로그인 유저가 스터디 구인 공고에 지원한 경우 구인공고 작성자에게 지원자가 있다는 알림이 발생해야합니다.

• 알림 예시
    •  ""Python 기초 스터디 모집합니다!(구인 공고 제목) 구인 공고에 대한 1건의 대기중인 지원자가 있습니다.""
• 알림 수신자가 해당 알림을 클릭하면 지원내역 관리 페이지로 이동해야 합니다.
• 알림 수신자가 해당 알림을 클릭하면 읽음 처리되어야 합니다.",기능,중간,- djang-celery-beat 또는 crontab,,
REQ-NTFY-004,알림,공고 지원 승인 및 거절 알림,,,"특정 로그인 유저의 지원 내역이 승인 또는 거절되면 해당 지원내역 작성자에게 승인 / 거절 알림이 발생해야 합니다.

• 알림 예시
    •  ""Python 기초 스터디 모집합니다!(구인 공고 제목) 구인 공고에 대한 지원내역이 거절되었습니다.""
    •  ""Python 기초 스터디 모집합니다!(구인 공고 제목) 구인 공고에 대한 지원내역이 승인되었습니다.""
• 알림 수신자가 해당 알림을 클릭하면 마이페이지 - 지원내역 관리 페이지로 이동해야 합니다.
• 알림 수신자가 해당 알림을 클릭하면 읽음 처리되어야 합니다.",기능,중간,- djang-celery-beat 또는 crontab,,
REQ-NTFY-005,알림,스터디 그룹 참여 알림,,,"특정 로그인 유저의 지원 내역이 승인되면 기존에 참여한 스터디 그룹원들에게 새로운 유저가 참여했다는 알림이 발생해야 합니다.

• 알림 예시
    •  ""Python 기초 스터디(스터디 그룹명)에 nickname님이 참여했습니다. 환영해주세요!""
• 알림 수신자가 해당 알림을 클릭하면 해당 스터디 그룹 채팅방으로 이동해야 합니다.
• 알림 수신자가 해당 알림을 클릭하면 읽음 처리되어야 합니다.",기능,중간,- djang-celery-beat 또는 crontab,,
REQ-NTFY-006,알림,스터디 그룹 후기 작성 요청 알림,,,"스터디 그룹 종료기간이 도래한 경우 해당 스터디 그룹의 모든 멤버에게 후기 작성요청 알림이 발생해야 합니다.

• 알림 예시
    •  ""오늘은 Python 기초 스터디(스터디 그룹명)의 종료일이에요! 스터디 후기를 기록해주세요!""
• 알림 수신자가 해당 알림을 클릭하면 마이페이지 -> 완료된 스터디 페이지로 이동해야 합니다.
• 알림 수신자가 해당 알림을 클릭하면 읽음 처리되어야 합니다.",기능,중간,- djang-celery-beat 또는 crontab,,
REQ-NTFY-007,알림,예정 스케줄 알림,,,"• 매일 00시 01분 부터 배치작업을 통해 모든 스터디 그룹의 스케줄 중에 하루전에 임박한 스케줄에 대해서 해당 스케줄 참가인원들에게 스케줄 예정 알림을 보내야합니다.

    •  ""내일은 Python 기초 스터디(스터디 그룹명)에서 자료형 학습(스케줄 명)이 예정되어 있습니다! 잊지말고 참여해주세요!""

• 알림 수신자가 해당 알림을 클릭하면 해당 스터디 그룹 상세 페이지로 이동해야 합니다.
• 알림 수신자가 해당 알림을 클릭하면 읽음 처리되어야 합니다.",기능,중간,- djang-celery-beat 또는 crontab,,
REQ-NTFY-007,알림,금일 스케줄 알림,,,"• 매일 00시 01분 부터 배치작업을 통해 모든 스터디 그룹의 스케줄중 당일에 해당하는 스케줄에 대해서 해당 스케줄 참가인원들에게 스케줄 당일 알림을 보내야합니다.

    •  ""금일 오전 09시 30분부터 오후 13시 30분까지(스케줄 시작시간, 종료시간 사용) Python 기초 스터디(스터디 그룹명)에서 자료형 학습(스케줄 명)이 예정되어 있습니다! 잊지말고 참여해주세요!""

• 알림 수신자가 해당 알림을 클릭하면 해당 스터디 그룹 상세 페이지로 이동해야 합니다.
• 알림 수신자가 해당 알림을 클릭하면 읽음 처리되어야 합니다.",기능,중간,- djang-celery-beat 또는 crontab,,
REQ-NTFY-008,알림,스터디 기록 작성 알림,,,"• 스터디 그룹에 속한 그룹원이 해당 스터디 그룹의 상세페이지에서 스터디 기록을 작성하면 다른 그룹원들에게 해당 인원의 기록 작성을 알리는 알림이 발생해야 합니다.

    •  ""OOO님이(작성자 닉네임) Python 기초 스터디(스터디 그룹명)에 스터디 기록을 작성하셨습니다. 확인해보세요!""

• 알림 수신자가 해당 알림을 클릭하면 해당 스터디 그룹 상세 페이지로 이동해야 합니다.
• 알림 수신자가 해당 알림을 클릭하면 읽음 처리되어야 합니다.",기능,중간,- djang-celery-beat 또는 crontab,,
REQ-SCHD-001,스터디 스케줄 관리,스케줄 캘린더,스케줄 생성,,"모든 스터디 그룹원들은 스터디 그룹 상세페이지 - 스케줄 관리 섹션의 ""스케줄 추가"" 버튼 또는 그룹 채팅방에 위치한 ""스케줄 추가"" 버튼을 클릭하여 스터디 스케줄을 추가할 수 있습니다.

• 입력 항목
    •  스케줄 명
    •  스터디 약속 시작 일시
    •  스터디 약속 종료 일시
    •  참여자 선택 ( 체크박스 활용 )",기능,높음,- 로그인 여부 확인 필요,,
REQ-SCHD-002,스터디 스케줄 관리,스케줄 캘린더,스케줄 생성,참여자 선택,"모든 스터디 그룹원들은 스케줄 추가 시 참여자를 선택해야 하며 참여자 선택은 해당 스터디 그룹에 속한 모든 그룹원들을 선택할 수 있는 체크박스 목록 형태이어야 합니다.

스케줄 추가 모달 내에 스터디 그룹원 닉네임 목록과 체크박스가 나타나야 합니다.",기능,높음,- 로그인 여부 확인 필요,,
REQ-SCHD-003,스터디 스케줄 관리,스케줄 캘린더,스케줄 조회,,"모든 스터디 그룹원들은 스터디 그룹 상세페이지 스케줄 관리 섹션의 캘린더에서 등록된 스케줄을 조회할 수 있습니다.

• 스케줄 조회 시 같은날짜에 잡힌 시간대가 같은 스케줄은 시작시간 기준으로 정렬합니다.
• 스케줄 조회 시 같은날짜에 잡힌 시간대가 다른 스케줄은 스케줄 생성 시간을 기준으로 정렬하고 생성시간도 같은 경우 종료시간 순을 기준으로 정렬합니다.

• 캘린더에서 조회가능한 스케줄 항목
    •  스케줄 명
    •  스터디 약속일 ( 캘린더 내 약속일에 해당 스케줄을 배치 )
    •  스터디 약속 시작 시간 및 종료시간 ( HH시 MM분 ~ HH시 MM분 )",기능,높음,- 로그인 여부 확인 필요,,
REQ-SCHD-004,스터디 스케줄 관리,스케줄 캘린더,스케줄 상세 조회,,"모든 스터디 그룹원들은 캘린더에서 조회된 스케줄들 중에서 각 항목을 클릭하여 모달을 통해 상세조회 할 수 있습니다.

• 스케줄 상세 조회 항목
    •  스케줄 명
    •  스터디 목표
    •  스터디 약속일 ( 캘린더 내 약속일에 해당 스케줄을 배치 )
    •  스터디 약속 시작 시간 및 종료시간 ( HH시 MM분 ~ HH시 MM분 )
    •  참여자 목록
        •  참여자 닉네임
        •  리더 여부",기능,높음,- 로그인 여부 확인 필요,,
REQ-SCHD-004,스터디 스케줄 관리,스케줄 캘린더,스케줄 상세 수정,,"모든 스터디 그룹원들은 작성자 여부와 관계 없이 스케줄 상세조회 모달 내에 위치한 수정 버튼을 클릭하여 정보를 수정할 수 있습니다.

• 수정 가능한 항목
    •  스케줄 명
    •  스터디 목표
    •  스터디 약속일 ( 캘린더 내 약속일에 해당 스케줄을 배치 )
    •  스터디 약속 시작 시간 및 종료시간 ( HH시 MM분 ~ HH시 MM분 )
    •  참여자 목록
        •  참여자 닉네임
        •  리더 여부",기능,중간,- 로그인 여부 확인 필요,,
REQ-SCHD-004,스터디 스케줄 관리,스케줄 캘린더,스케줄 삭제,,모든 스터디 그룹원들은 작성자 여부와 관계 없이 스케줄 상세조회 모달 내에 위치한 삭제 버튼을 클릭하여 스케줄을 삭제할 수 있습니다.,기능,중간,- 로그인 여부 확인 필요,,